{"cameraMode":{"drawMode":0,"name":"Shaded","section":"Shading Mode"},"sceneLighting":false,"audioPlay":false,"sceneViewState":{"m_AlwaysRefresh":false,"showFog":true,"showSkybox":false,"showFlares":true,"showImageEffects":true,"showParticleSystems":true,"showVisualEffectGraphs":true,"m_FxEnabled":true},"in2DMode":false,"pivot":{"x":-0.15314865112304688,"y":-1.0591638088226319,"z":-1.1205029487609864},"rotation":{"x":0.12445040047168732,"y":0.7727108597755432,"z":-0.15985676646232606,"w":0.6015642285346985},"size":11.518181800842286,"orthographic":false}